epoch,loss
1,-0.0020573408970334024
2,-0.01900378010466323
3,-0.109831537720071
4,-0.3861504901088512
5,-0.8601197739937941
